{
  "Routes": [
    // --- Roles Controller ---
    {
      "UpstreamPathTemplate": "/api/roles/{everything}",
      "UpstreamHttpMethod": [ "GET", "POST", "PUT", "DELETE" ],
      "DownstreamPathTemplate": "/api/roles/{everything}",
      "DownstreamScheme": "http",
      "DownstreamHostAndPorts": [
        {
          "Host": "spss-user-service.runasp.net",
          "Port": 80
        }
      ],
      "AuthenticationOptions": {
        "AuthenticationProviderKey": "Bearer",
        "AllowedScopes": [ "Admin" ]
      },
      "SwaggerKey": "user-service"
    },

    // --- Account Controller ---
    {
      "UpstreamPathTemplate": "/api/account/{everything}",
      "UpstreamHttpMethod": [ "GET", "PUT", "PATCH" ],
      "DownstreamPathTemplate": "/api/account/{everything}",
      "DownstreamScheme": "http",
      "DownstreamHostAndPorts": [
        {
          "Host": "spss-user-service.runasp.net",
          "Port": 80
        }
      ],
      "AuthenticationOptions": {
        "AuthenticationProviderKey": "Bearer",
        "AllowedScopes": []
      },
      "SwaggerKey": "user-service"
    },

    // --- Addresses Controller (ĐÃ SỬA LỖI) ---
    {
      "UpstreamPathTemplate": "/api/addresses", // GET (danh sách) và POST (tạo mới) cho người dùng đã xác thực
      "UpstreamHttpMethod": [ "GET", "POST" ],
      "DownstreamPathTemplate": "/api/addresses",
      "DownstreamScheme": "http",
      "DownstreamHostAndPorts": [
        {
          "Host": "spss-user-service.runasp.net",
          "Port": 80
        }
      ],
      "AuthenticationOptions": {
        "AuthenticationProviderKey": "Bearer",
        "AllowedScopes": []
      },
      "SwaggerKey": "user-service"
    },
    {
      "UpstreamPathTemplate": "/api/addresses/{addressId}", // PUT (cập nhật) cho người dùng đã xác thực
      "UpstreamHttpMethod": [ "PUT" ],
      "DownstreamPathTemplate": "/api/addresses/{addressId}",
      "DownstreamScheme": "http",
      "DownstreamHostAndPorts": [
        {
          "Host": "spss-user-service.runasp.net",
          "Port": 80
        }
      ],
      "AuthenticationOptions": {
        "AuthenticationProviderKey": "Bearer",
        "AllowedScopes": []
      },
      "SwaggerKey": "user-service"
    },
    {
      "UpstreamPathTemplate": "/api/addresses/{addressId}", // DELETE chỉ dành cho Admin
      "UpstreamHttpMethod": [ "DELETE" ],
      "DownstreamPathTemplate": "/api/addresses/{addressId}",
      "DownstreamScheme": "http",
      "DownstreamHostAndPorts": [
        {
          "Host": "spss-user-service.runasp.net",
          "Port": 80
        }
      ],
      "AuthenticationOptions": {
        "AuthenticationProviderKey": "Bearer",
        "AllowedScopes": [ "Admin" ]
      },
      "SwaggerKey": "user-service"
    },

    // --- Authentication Controller (Định nghĩa rõ ràng từng endpoint) ---
    {
      "UpstreamPathTemplate": "/api/authentication/login",
      "UpstreamHttpMethod": [ "POST" ],
      "DownstreamPathTemplate": "/api/authentication/login",
      "DownstreamScheme": "http",
      "DownstreamHostAndPorts": [
        {
          "Host": "spss-user-service.runasp.net",
          "Port": 80
        }
      ],
      "SwaggerKey": "user-service"
    },
    {
      "UpstreamPathTemplate": "/api/authentication/register",
      "UpstreamHttpMethod": [ "POST" ],
      "DownstreamPathTemplate": "/api/authentication/register",
      "DownstreamScheme": "http",
      "DownstreamHostAndPorts": [
        {
          "Host": "spss-user-service.runasp.net",
          "Port": 80
        }
      ],
      "SwaggerKey": "user-service"
    },
    {
      "UpstreamPathTemplate": "/api/authentication/refresh-token",
      "UpstreamHttpMethod": [ "POST" ],
      "DownstreamPathTemplate": "/api/authentication/refresh-token",
      "DownstreamScheme": "http",
      "DownstreamHostAndPorts": [
        {
          "Host": "spss-user-service.runasp.net",
          "Port": 80
        }
      ],
      "SwaggerKey": "user-service"
    },
    {
      "UpstreamPathTemplate": "/api/authentication/verify-account",
      "UpstreamHttpMethod": [ "POST" ],
      "DownstreamPathTemplate": "/api/authentication/verify-account",
      "DownstreamScheme": "http",
      "DownstreamHostAndPorts": [
        {
          "Host": "spss-user-service.runasp.net",
          "Port": 80
        }
      ],
      "SwaggerKey": "user-service"
    },
    {
      "UpstreamPathTemplate": "/api/authentication/resend-otp",
      "UpstreamHttpMethod": [ "POST" ],
      "DownstreamPathTemplate": "/api/authentication/resend-otp",
      "DownstreamScheme": "http",
      "DownstreamHostAndPorts": [
        {
          "Host": "spss-user-service.runasp.net",
          "Port": 80
        }
      ],
      "SwaggerKey": "user-service"
    },
    {
      "UpstreamPathTemplate": "/api/authentication/logout",
      "UpstreamHttpMethod": [ "POST" ],
      "DownstreamPathTemplate": "/api/authentication/logout",
      "DownstreamScheme": "http",
      "DownstreamHostAndPorts": [
        {
          "Host": "spss-user-service.runasp.net",
          "Port": 80
        }
      ],
      "AuthenticationOptions": {
        "AuthenticationProviderKey": "Bearer",
        "AllowedScopes": []
      },
      "SwaggerKey": "user-service"
    },
    {
      "UpstreamPathTemplate": "/api/authentication/change-password",
      "UpstreamHttpMethod": [ "POST" ],
      "DownstreamPathTemplate": "/api/authentication/change-password",
      "DownstreamScheme": "http",
      "DownstreamHostAndPorts": [
        {
          "Host": "spss-user-service.runasp.net",
          "Port": 80
        }
      ],
      "AuthenticationOptions": {
        "AuthenticationProviderKey": "Bearer",
        "AllowedScopes": []
      },
      "SwaggerKey": "user-service"
    },
    {
      "UpstreamPathTemplate": "/api/authentication/assign-role",
      "UpstreamHttpMethod": [ "POST" ],
      "DownstreamPathTemplate": "/api/authentication/assign-role",
      "DownstreamScheme": "http",
      "DownstreamHostAndPorts": [
        {
          "Host": "spss-user-service.runasp.net",
          "Port": 80
        }
      ],
      "AuthenticationOptions": {
        "AuthenticationProviderKey": "Bearer",
        "AllowedScopes": [ "Admin" ]
      },
      "SwaggerKey": "user-service"
    },
    {
      "UpstreamPathTemplate": "/api/authentication/register-privileged",
      "UpstreamHttpMethod": [ "POST" ],
      "DownstreamPathTemplate": "/api/authentication/register-privileged",
      "DownstreamScheme": "http",
      "DownstreamHostAndPorts": [
        {
          "Host": "spss-user-service.runasp.net",
          "Port": 80
        }
      ],
      "AuthenticationOptions": {
        "AuthenticationProviderKey": "Bearer",
        "AllowedScopes": [ "Admin" ]
      },
      "SwaggerKey": "user-service"
    },

    // --- Blogs, Countries, Skin-Conditions, Skin-Types (Tách GET và CUD để áp dụng bảo mật khác nhau) ---
    {
      "UpstreamPathTemplate": "/api/blogs/{everything}",
      "UpstreamHttpMethod": [ "GET" ],
      "DownstreamPathTemplate": "/api/blogs/{everything}",
      "DownstreamScheme": "http",
      "DownstreamHostAndPorts": [
        {
          "Host": "spss-user-service.runasp.net",
          "Port": 80
        }
      ],
      "SwaggerKey": "user-service"
    },
    {
      "UpstreamPathTemplate": "/api/blogs/{everything}",
      "UpstreamHttpMethod": [ "POST", "PUT", "DELETE" ],
      "DownstreamPathTemplate": "/api/blogs/{everything}",
      "DownstreamScheme": "http",
      "DownstreamHostAndPorts": [
        {
          "Host": "spss-user-service.runasp.net",
          "Port": 80
        }
      ],
      "AuthenticationOptions": {
        "AuthenticationProviderKey": "Bearer",
        "AllowedScopes": [ "Admin" ]
      },
      "SwaggerKey": "user-service"
    },
    {
      "UpstreamPathTemplate": "/api/countries/{everything}",
      "UpstreamHttpMethod": [ "GET" ],
      "DownstreamPathTemplate": "/api/countries/{everything}",
      "DownstreamScheme": "http",
      "DownstreamHostAndPorts": [
        {
          "Host": "spss-user-service.runasp.net",
          "Port": 80
        }
      ],
      "SwaggerKey": "user-service"
    },
    {
      "UpstreamPathTemplate": "/api/countries/{everything}",
      "UpstreamHttpMethod": [ "POST", "PUT", "DELETE" ],
      "DownstreamPathTemplate": "/api/countries/{everything}",
      "DownstreamScheme": "http",
      "DownstreamHostAndPorts": [
        {
          "Host": "spss-user-service.runasp.net",
          "Port": 80
        }
      ],
      "AuthenticationOptions": {
        "AuthenticationProviderKey": "Bearer",
        "AllowedScopes": [ "Admin" ]
      },
      "SwaggerKey": "user-service"
    },
    {
      "UpstreamPathTemplate": "/api/skin-conditions/{everything}",
      "UpstreamHttpMethod": [ "GET" ],
      "DownstreamPathTemplate": "/api/skin-conditions/{everything}",
      "DownstreamScheme": "http",
      "DownstreamHostAndPorts": [
        {
          "Host": "spss-user-service.runasp.net",
          "Port": 80
        }
      ],
      "SwaggerKey": "user-service"
    },
    {
      "UpstreamPathTemplate": "/api/skin-conditions/{everything}",
      "UpstreamHttpMethod": [ "POST", "PUT", "DELETE" ],
      "DownstreamPathTemplate": "/api/skin-conditions/{everything}",
      "DownstreamScheme": "http",
      "DownstreamHostAndPorts": [
        {
          "Host": "spss-user-service.runasp.net",
          "Port": 80
        }
      ],
      "AuthenticationOptions": {
        "AuthenticationProviderKey": "Bearer",
        "AllowedScopes": [ "Admin" ]
      },
      "SwaggerKey": "user-service"
    },
    {
      "UpstreamPathTemplate": "/api/skin-types/{everything}",
      "UpstreamHttpMethod": [ "GET" ],
      "DownstreamPathTemplate": "/api/skin-types/{everything}",
      "DownstreamScheme": "http",
      "DownstreamHostAndPorts": [
        {
          "Host": "spss-user-service.runasp.net",
          "Port": 80
        }
      ],
      "SwaggerKey": "user-service"
    },
    {
      "UpstreamPathTemplate": "/api/skin-types/{everything}",
      "UpstreamHttpMethod": [ "POST", "PUT", "DELETE" ],
      "DownstreamPathTemplate": "/api/skin-types/{everything}",
      "DownstreamScheme": "http",
      "DownstreamHostAndPorts": [
        {
          "Host": "spss-user-service.runasp.net",
          "Port": 80
        }
      ],
      "AuthenticationOptions": {
        "AuthenticationProviderKey": "Bearer",
        "AllowedScopes": [ "Admin" ]
      },
      "SwaggerKey": "user-service"
    },

    // --- Chat & Replies ---
    {
      "UpstreamPathTemplate": "/api/chathistory/{everything}",
      "UpstreamHttpMethod": [ "GET", "POST" ],
      "DownstreamPathTemplate": "/api/chathistory/{everything}",
      "DownstreamScheme": "http",
      "DownstreamHostAndPorts": [
        {
          "Host": "spss-user-service.runasp.net",
          "Port": 80
        }
      ],
      "AuthenticationOptions": {
        "AuthenticationProviderKey": "Bearer",
        "AllowedScopes": []
      },
      "SwaggerKey": "user-service"
    },
    {
      "UpstreamPathTemplate": "/api/replies/{everything}",
      "UpstreamHttpMethod": [ "POST", "PUT", "DELETE" ],
      "DownstreamPathTemplate": "/api/replies/{everything}",
      "DownstreamScheme": "http",
      "DownstreamHostAndPorts": [
        {
          "Host": "spss-user-service.runasp.net",
          "Port": 80
        }
      ],
      "AuthenticationOptions": {
        "AuthenticationProviderKey": "Bearer",
        "AllowedScopes": []
      },
      "SwaggerKey": "user-service"
    },

    // --- Users Controller (Tách bạch các route) ---
    {
      "UpstreamPathTemplate": "/api/users", // Admin lấy danh sách, tạo user
      "UpstreamHttpMethod": [ "GET", "POST" ],
      "DownstreamPathTemplate": "/api/users",
      "DownstreamScheme": "http",
      "DownstreamHostAndPorts": [
        {
          "Host": "spss-user-service.runasp.net",
          "Port": 80
        }
      ],
      "AuthenticationOptions": {
        "AuthenticationProviderKey": "Bearer",
        "AllowedScopes": [ "Admin" ]
      },
      "SwaggerKey": "user-service"
    },
    {
      "UpstreamPathTemplate": "/api/users/{id}", // Người dùng thường xem/sửa thông tin của họ (giả định service có kiểm tra quyền)
      "UpstreamHttpMethod": [ "GET", "PUT" ],
      "DownstreamPathTemplate": "/api/users/{id}",
      "DownstreamScheme": "http",
      "DownstreamHostAndPorts": [
        {
          "Host": "spss-user-service.runasp.net",
          "Port": 80
        }
      ],
      "AuthenticationOptions": {
        "AuthenticationProviderKey": "Bearer",
        "AllowedScopes": []
      },
      "SwaggerKey": "user-service"
    },
    {
      "UpstreamPathTemplate": "/api/users/{id}", // Admin xóa user
      "UpstreamHttpMethod": [ "DELETE" ],
      "DownstreamPathTemplate": "/api/users/{id}",
      "DownstreamScheme": "http",
      "DownstreamHostAndPorts": [
        {
          "Host": "spss-user-service.runasp.net",
          "Port": 80
        }
      ],
      "AuthenticationOptions": {
        "AuthenticationProviderKey": "Bearer",
        "AllowedScopes": [ "Admin" ]
      },
      "SwaggerKey": "user-service"
    }
  ],
  "GlobalConfiguration": {
    "BaseUrl": "http://localhost:5256"
  },
  "SwaggerEndPoints": [
    {
      "Key": "user-service",
      "Config": [
        {
          "Name": "User Service API",
          "Version": "v1",
          "Url": "http://spss-user-service.runasp.net/swagger/v1/swagger.json"
        }
      ]
    }
  ]
}