{
  "Routes": [
    {
      "UpstreamPathTemplate": "/api/roles/{everything}",
      "UpstreamHttpMethod": [ "GET", "POST", "PUT", "DELETE" ],
      "DownstreamPathTemplate": "/api/roles/{everything}",
      "DownstreamScheme": "http",
      "DownstreamHostAndPorts": [
        {
          "Host": "spss-user-service.runasp.net",
          "Port": 80
        }
      ],
      "AuthenticationOptions": {
        "AuthenticationProviderKey": "Bearer",
        "AllowedScopes": [ "Admin" ]
      },
      "SwaggerKey": "user-service"
    },
    {
      "UpstreamPathTemplate": "/api/account/{everything}",
      "UpstreamHttpMethod": [ "GET", "PUT", "PATCH" ],
      "DownstreamPathTemplate": "/api/account/{everything}",
      "DownstreamScheme": "http",
      "DownstreamHostAndPorts": [
        {
          "Host": "spss-user-service.runasp.net",
          "Port": 80
        }
      ],
      "AuthenticationOptions": {
        "AuthenticationProviderKey": "Bearer",
        "AllowedScopes": []
      },
      "SwaggerKey": "user-service"
    },
    {
      "UpstreamPathTemplate": "/api/addresses/{addressId}",
      "UpstreamHttpMethod": [ "DELETE" ],
      "DownstreamPathTemplate": "/api/addresses/{addressId}",
      "DownstreamScheme": "http",
      "DownstreamHostAndPorts": [
        {
          "Host": "spss-user-service.runasp.net",
          "Port": 80
        }
      ],
      "AuthenticationOptions": {
        "AuthenticationProviderKey": "Bearer",
        "AllowedScopes": [ "Admin" ]
      },
      "SwaggerKey": "user-service"
    },
    {
      "UpstreamPathTemplate": "/api/addresses/{everything}",
      "UpstreamHttpMethod": [ "GET", "POST", "PUT" ],
      "DownstreamPathTemplate": "/api/addresses/{everything}",
      "DownstreamScheme": "http",
      "DownstreamHostAndPorts": [
        {
          "Host": "spss-user-service.runasp.net",
          "Port": 80
        }
      ],
      "AuthenticationOptions": {
        "AuthenticationProviderKey": "Bearer",
        "AllowedScopes": []
      },
      "SwaggerKey": "user-service"
    },
    {
      "UpstreamPathTemplate": "/api/authentication/{action}",
      "UpstreamHttpMethod": [ "POST" ],
      "RouteIsCaseSensitive": false,
      "UpstreamUrlPathIsCaseSensitive": false,
      "UrlPathMatchOptions": {
        "Match": "Prefix",
        "Segment": 2,
        "Values": [ "register-privileged", "assign-role" ]
      },
      "DownstreamPathTemplate": "/api/authentication/{action}",
      "DownstreamScheme": "http",
      "DownstreamHostAndPorts": [
        {
          "Host": "spss-user-service.runasp.net",
          "Port": 80
        }
      ],
      "AuthenticationOptions": {
        "AuthenticationProviderKey": "Bearer",
        "AllowedScopes": [ "Admin" ]
      },
      "SwaggerKey": "user-service"
    },
    {
      "UpstreamPathTemplate": "/api/authentication/logout",
      "UpstreamHttpMethod": [ "POST" ],
      "DownstreamPathTemplate": "/api/authentication/logout",
      "DownstreamScheme": "http",
      "DownstreamHostAndPorts": [
        {
          "Host": "spss-user-service.runasp.net",
          "Port": 80
        }
      ],
      "AuthenticationOptions": {
        "AuthenticationProviderKey": "Bearer",
        "AllowedScopes": []
      },
      "SwaggerKey": "user-service"
    },
    {
      "UpstreamPathTemplate": "/api/authentication/change-password",
      "UpstreamHttpMethod": [ "POST" ],
      "DownstreamPathTemplate": "/api/authentication/change-password",
      "DownstreamScheme": "http",
      "DownstreamHostAndPorts": [
        {
          "Host": "spss-user-service.runasp.net",
          "Port": 80
        }
      ],
      "AuthenticationOptions": {
        "AuthenticationProviderKey": "Bearer",
        "AllowedScopes": []
      },
      "SwaggerKey": "user-service"
    },
    {
      "UpstreamPathTemplate": "/api/authentication/{everything}",
      "UpstreamHttpMethod": [ "POST" ],
      "DownstreamPathTemplate": "/api/authentication/{everything}",
      "DownstreamScheme": "http",
      "DownstreamHostAndPorts": [
        {
          "Host": "spss-user-service.runasp.net",
          "Port": 80
        }
      ],
      "SwaggerKey": "user-service"
    },
    {
      "UpstreamPathTemplate": "/api/blogs/{everything}",
      "UpstreamHttpMethod": [ "POST", "PUT", "DELETE" ],
      "DownstreamPathTemplate": "/api/blogs/{everything}",
      "DownstreamScheme": "http",
      "DownstreamHostAndPorts": [
        {
          "Host": "spss-user-service.runasp.net",
          "Port": 80
        }
      ],
      "AuthenticationOptions": {
        "AuthenticationProviderKey": "Bearer",
        "AllowedScopes": [ "Admin" ]
      },
      "SwaggerKey": "user-service"
    },
    {
      "UpstreamPathTemplate": "/api/blogs/{everything}",
      "UpstreamHttpMethod": [ "GET" ],
      "DownstreamPathTemplate": "/api/blogs/{everything}",
      "DownstreamScheme": "http",
      "DownstreamHostAndPorts": [
        {
          "Host": "spss-user-service.runasp.net",
          "Port": 80
        }
      ],
      "SwaggerKey": "user-service"
    },
    {
      "UpstreamPathTemplate": "/api/countries/{everything}",
      "UpstreamHttpMethod": [ "POST", "PUT", "DELETE" ],
      "DownstreamPathTemplate": "/api/countries/{everything}",
      "DownstreamScheme": "http",
      "DownstreamHostAndPorts": [
        {
          "Host": "spss-user-service.runasp.net",
          "Port": 80
        }
      ],
      "AuthenticationOptions": {
        "AuthenticationProviderKey": "Bearer",
        "AllowedScopes": [ "Admin" ]
      },
      "SwaggerKey": "user-service"
    },
    {
      "UpstreamPathTemplate": "/api/countries/{everything}",
      "UpstreamHttpMethod": [ "GET" ],
      "DownstreamPathTemplate": "/api/countries/{everything}",
      "DownstreamScheme": "http",
      "DownstreamHostAndPorts": [
        {
          "Host": "spss-user-service.runasp.net",
          "Port": 80
        }
      ],
      "SwaggerKey": "user-service"
    },
    {
      "UpstreamPathTemplate": "/api/chathistory/{everything}",
      "UpstreamHttpMethod": [ "GET", "POST" ],
      "DownstreamPathTemplate": "/api/chathistory/{everything}",
      "DownstreamScheme": "http",
      "DownstreamHostAndPorts": [
        {
          "Host": "spss-user-service.runasp.net",
          "Port": 80
        }
      ],
      "AuthenticationOptions": {
        "AuthenticationProviderKey": "Bearer",
        "AllowedScopes": []
      },
      "SwaggerKey": "user-service"
    },
    {
      "UpstreamPathTemplate": "/api/replies/{everything}",
      "UpstreamHttpMethod": [ "POST", "PUT", "DELETE" ],
      "DownstreamPathTemplate": "/api/replies/{everything}",
      "DownstreamScheme": "http",
      "DownstreamHostAndPorts": [
        {
          "Host": "spss-user-service.runasp.net",
          "Port": 80
        }
      ],
      "AuthenticationOptions": {
        "AuthenticationProviderKey": "Bearer",
        "AllowedScopes": []
      },
      "SwaggerKey": "user-service"
    },
    {
      "UpstreamPathTemplate": "/api/users/{id}",
      "UpstreamHttpMethod": [ "DELETE" ],
      "DownstreamPathTemplate": "/api/users/{id}",
      "DownstreamScheme": "http",
      "DownstreamHostAndPorts": [
        {
          "Host": "spss-user-service.runasp.net",
          "Port": 80
        }
      ],
      "AuthenticationOptions": {
        "AuthenticationProviderKey": "Bearer",
        "AllowedScopes": [ "Admin" ]
      },
      "SwaggerKey": "user-service"
    },
    {
      "UpstreamPathTemplate": "/api/users",
      "UpstreamHttpMethod": [ "GET", "POST" ],
      "DownstreamPathTemplate": "/api/users",
      "DownstreamScheme": "http",
      "DownstreamHostAndPorts": [
        {
          "Host": "spss-user-service.runasp.net",
          "Port": 80
        }
      ],
      "AuthenticationOptions": {
        "AuthenticationProviderKey": "Bearer",
        "AllowedScopes": [ "Admin" ]
      },
      "SwaggerKey": "user-service"
    },
    {
      "UpstreamPathTemplate": "/api/users/{everything}",
      "UpstreamHttpMethod": [ "GET", "PUT" ],
      "DownstreamPathTemplate": "/api/users/{everything}",
      "DownstreamScheme": "http",
      "DownstreamHostAndPorts": [
        {
          "Host": "spss-user-service.runasp.net",
          "Port": 80
        }
      ],
      "AuthenticationOptions": {
        "AuthenticationProviderKey": "Bearer",
        "AllowedScopes": []
      },
      "SwaggerKey": "user-service"
    },
    {
      "UpstreamPathTemplate": "/api/skin-conditions/{everything}",
      "UpstreamHttpMethod": [ "POST", "PUT", "DELETE" ],
      "DownstreamPathTemplate": "/api/skin-conditions/{everything}",
      "DownstreamScheme": "http",
      "DownstreamHostAndPorts": [
        {
          "Host": "spss-user-service.runasp.net",
          "Port": 80
        }
      ],
      "AuthenticationOptions": {
        "AuthenticationProviderKey": "Bearer",
        "AllowedScopes": [ "Admin" ]
      },
      "SwaggerKey": "user-service"
    },
    {
      "UpstreamPathTemplate": "/api/skin-conditions/{everything}",
      "UpstreamHttpMethod": [ "GET" ],
      "DownstreamPathTemplate": "/api/skin-conditions/{everything}",
      "DownstreamScheme": "http",
      "DownstreamHostAndPorts": [
        {
          "Host": "spss-user-service.runasp.net",
          "Port": 80
        }
      ],
      "SwaggerKey": "user-service"
    },

    // --- CẤU HÌNH MỚI CHO SKINTYPE CONTROLLER ---
    {
      "UpstreamPathTemplate": "/api/skin-types/{everything}",
      "UpstreamHttpMethod": [ "POST", "PUT", "DELETE" ],
      "DownstreamPathTemplate": "/api/skin-types/{everything}",
      "DownstreamScheme": "http",
      "DownstreamHostAndPorts": [
        {
          "Host": "spss-user-service.runasp.net",
          "Port": 80
        }
      ],
      "AuthenticationOptions": {
        "AuthenticationProviderKey": "Bearer",
        "AllowedScopes": [ "Admin" ]
      },
      "SwaggerKey": "user-service"
    },
    {
      "UpstreamPathTemplate": "/api/skin-types/{everything}",
      "UpstreamHttpMethod": [ "GET" ],
      "DownstreamPathTemplate": "/api/skin-types/{everything}",
      "DownstreamScheme": "http",
      "DownstreamHostAndPorts": [
        {
          "Host": "spss-user-service.runasp.net",
          "Port": 80
        }
      ],
      "SwaggerKey": "user-service"
    }
  ],
  "GlobalConfiguration": {
    "BaseUrl": "http://localhost:5256"
  },
  "SwaggerEndPoints": [
    {
      "Key": "user-service",
      "Config": [
        {
          "Name": "User Service API",
          "Version": "v1",
          "Url": "http://spss-user-service.runasp.net/swagger/v1/swagger.json"
        }
      ]
    }
  ]
}